{
	"memberdetails": {
		"id": 1,
		"firstname": "Rambabu",
		"lastname": "Bande",
		"fullname": "RambabuBande",
		"dateofbirth": "06-08-1990",
		"medicareiD": "547588",
		"membernumber": "57856788854",
		"address": "Streeno:3,Opp To HDFC, KPHB,Hyderabad",
		"phoneno": 96767554,
		"planname": "Jeevan dhara",
		"gender": "Male",
		"contractiD": "12345678",
		"groupnumber": "57856788854",
		"groupname": "LIC",
		"relationshipcode": "4786787",
		"dateofdeath": "09-28-2005",
		"notes": "hi this is to inform You that your records",
		"middle": "Bande",
		"suffix": "B",
		"npi": "",
		"rre": "5678",
		"fivedigit": "12345",
		"ssn": "123-456-234"
	},
	"takDetails": {
		"dialRefference": "123-3456-66",
		"client": "Anthem",
		"clientPartitionName": "Amerigroup",
		"callType": "IVR",
		"user":"Jhon Doe"
	},
	"coordinationDates":[]
}