[
  {
    "name": "TOPINATE 0.05% CREAM",
    "form": "GM of cream",
    "standardUnits": 1,
    "packageForm": "tube",
    "price": 60,
    "size": "30 GM cream",
    "manufacturer": "Systopic Laboratories Pvt Ltd",
    "constituents": [
      {
        "name": "Clobetasol Topical",
        "strength": "0.05%"
      }
    ],
    "schedule": {
      "category": "OTC",
      "label": "It can be sold without a prescription"
    },
    "medicine_id": "IGGGz"
  },
  {
    "name": "TOPINATE 1.20% CREAM",
    "form": "GM of cream",
    "standardUnits": 1,
    "packageForm": "tube",
    "price": 60,
    "size": "30 GM cream",
    "manufacturer": "Systopic Laboratories Pvt Ltd",
    "constituents": [
      {
        "name": "Clobetasol Topical",
        "strength": "0.05%"
      }
    ],
    "schedule": {
      "category": "OTC",
      "label": "It can be sold without a prescription"
    },
    "medicine_id": "IGGGz"
  },
  {
    "name": "TOPINATE 1.20% CREAM",
    "form": "GM of cream",
    "standardUnits": 1,
    "packageForm": "tube",
    "price": 60,
    "size": "30 GM cream",
    "manufacturer": "Systopic Laboratories Pvt Ltd",
    "constituents": [
      {
        "name": "Clobetasol Topical",
        "strength": "0.05%"
      }
    ],
    "schedule": {
      "category": "CTO",
      "label": "It can be sold without a prescription"
    },
    "medicine_id": "IGGGzAA"
  }
]